mass,RT,mass.r,formula
a,b,d,e
78.0141,1.09,78.014,<none>
99.9962,1.01,99.996,C4 H4 O S
178.0096,1.01,178.01,C9 H6 O2 S
239.9887,3.19,239.989,C6 H12 N2 S4
181.9489,0.51,181.949,#N/A
202.0454,0.96,202.045,Laberalol
925.5033,4.27,925.503,> limit
358.9748,3.19,358.975,C18 H2 Cl N3 O4
541.8985,3.2,541.899,C18 H8 Cl2 N4 O6 S3
131.0945,1.44,131.095,C6 H13 N O2
301.9103,3.19,301.91,C13 Cl2 N2 O S
165.0788,1.49,165.079,C9 H11 N O2
763.5667,9.07,763.567,> limit nullnullnull 9.061833
921.0026,0.69,921.003,> limit nullnullnull 0.68687034
337.3346,8.47,337.335,C22 H43 N O
202.2412,1,202.241,<none> nullnullnull 0.99557894
535.1582,8.86,535.158,C34 H22 Cl N5
194.9303,3.19,194.93,C4 H5 N S4
100.0872,1.01,100.087,C6 H12 O
404.0906,0.96,404.091,C14 H25 Cl O9 S
662.4463,9.07,662.446,C44 H58 N2 O3
414.2059,4.86,414.206,414.2059@4.8574634
202.242,1.44,202.242,<none> nullnullnull 0.99557894
444.113,4.32,444.113,C20 H29 Cl N2 O S3
87.0144,3.19,87.014,C3 H5 N S
124.9788,0.87,124.979,<none> nullnullnull 0.87383336
287.9622,1.1,287.962,287.9617@1.0894998
636.3111,7.12,636.311,#N/A
169.0583,0.86,169.058,#N/A
436.0385,0.95,436.039,C16 H22 Cl2 N4 S3
233.9722,1.18,233.972,233.972@1.1691482
156.1902,1.1,156.19,C11 H24
79.9408,1,79.941,<none> nullnullnull 1.0044999
157.9556,1.01,157.956,C3 H4 Cl2 O3
382.1087,0.97,382.109,C10 H18 N6 O10
336.1939,8.06,336.194,336.1942@8.056982
263.9593,1.02,263.959,C9 H4 N4 S3
300.3527,1.01,300.353,<none> null 1.0154167
218.003,0.86,218.003,C3 H10 N2 O5 S2
161.0279,0.86,161.028,C12 H3 N
514.4055,9.18,514.406,C30 H58 O4 S
150.9582,3.19,150.958,C3 H5 N S3
308.1203,2.53,308.12,C15 H20 N2 O3 S
925.5032,4.27,925.503,> limit
200.2338,1.01,200.234,#N/A
352.1103,2.52,352.11,C17 H16 N6 O S
145.1577,0.85,145.158,C7 H19 N3
245.924,1.18,245.924,C5 H7 Cl O3 S3
388.1062,6.26,388.106,388.1054@6.25613
410.2328,8.06,410.233,C12 H34 N12 O2 S
414.9098,3.2,414.91,C10 H7 Cl2 N3 O7 S2
764.2183,0.97,764.218,> limit nullnullnull 0.99990916
278.152,6.01,278.152,C16 H22 O4
149.9902,1.02,149.99,C6 H2 N2 O S
609.1773,9.05,609.177,C32 H32 Cl N O9
187.0633,1.99,187.063,C11 H9 N O2
468.4242,1.09,468.424,468.4253@1.106
240.006,1.58,240.006,240.0057@1.5682225
328.1502,2.39,328.15,C16 H24 O7
889.483,4.27,889.483,> limit nullnullnull 4.2737966
340.1204,0.86,340.12,C14 H20 N4 O4 S
118.9868,3.19,118.987,C3 H5 N S2
907.4946,4.26,907.495,> limit nullnullnull 4.2793517
437.2625,8.48,437.263,C21 H30 N10 O
477.9543,2.73,477.954,C18 H8 Cl2 N4 O6 S
356.2599,1.01,356.26,#N/A
136.0397,1.08,136.04,C5 H4 N4 O
390.2758,8.09,390.276,C24 H38 O4
181.9775,4.31,181.978,C6 H2 N2 O3 S
908.4865,4.15,908.487,> limit nullnullnull 4.160055
141.9392,1.04,141.939,C3 H4 Cl2 S
420.249,8.47,420.249,420.2485@8.468117
148.038,6.26,148.038,C6 H12 S2
134.0917,1.7,134.092,C6 H14 O3
143.9805,1.17,143.981,C4 H4 N2 S2
181.0736,1.44,181.074,C4 H11 N3 O5
402.2982,7.17,402.298,C23 H46 O S2
286.1383,2.26,286.138,C19 H16 N2 O
675.5166,8.48,675.517,C36 H66 Cl N9 O
156.0742,1.08,156.074,C8 H12 O3
170.1788,1.44,170.179,C10 H22 N2
89.9696,0.99,89.97,<none> nullnullnull 1.0168333
504.0923,4.32,504.092,C25 H28 O3 S4
327.3134,7.69,327.313,C20 H41 N O2
786.4305,8.07,786.431,#N/A
358.1659,2.43,358.166,C18 H22 N4 O4
632.3464,9.2,632.346,C32 H49 Cl N6 O5
522.3205,8.5,522.321,522.3215@8.490568
907.4938,4.12,907.494,> limit nullnullnull 4.2793517
456.2411,8.07,456.241,#N/A
146.0425,0.86,146.043,C6 H10 O2 S
494.2822,8.2,494.282,494.2841@8.161103
376.1798,0.86,376.18,C16 H24 N8 O S
141.1515,1.44,141.152,C9 H19 N
422.2476,8.47,422.248,<none> nullnullnull 8.470268
400.2086,8.47,400.209,400.2083@8.463777
889.4833,4.27,889.483,> limit nullnullnull 4.2737966
207.9485,1.01,207.949,C8 H Cl N2 O S
763.4401,8.48,763.44,C45 H65 N O5 S2
300.7141,1.02,300.714,<none> nullnullnull 1.0144286
462.1258,6.93,462.126,C28 H19 Cl N4 O
131.0942,1.12,131.094,C6 H13 N O2
238.2172,7.52,238.217,<none> nullnullnull 1.4274446
468.5347,1.09,468.535,<none> null 1.1086154
250.177,2.45,250.177,C8 H22 N6 O3
312.155,2.25,312.155,#N/A
350.0029,1.1,350.003,C7 H18 N4 O2 S5
360.3443,1.22,360.344,#N/A
925.5036,4.12,925.504,> limit
477.3164,0.8,477.316,C21 H43 N5 O7
296.0782,6.26,296.078,C12 H16 N4 O S2
250.9739,1.31,250.974,C6 H5 N O8 S
223.9921,1.12,223.992,C5 H8 N2 O4 S2
599.2776,0.83,599.278,C30 H41 N5 O6 S
260.1231,1.47,260.123,C16 H20 O S
115.9699,1.01,115.97,C7 S
291.9873,1.03,291.987,C15 H10 Cl2 S
925.5037,4.48,925.504,> limit
462.1649,7.54,462.165,462.1639@7.5281563
804.4421,8.47,804.442,804.4439@8.4716425
266.112,1.07,266.112,266.1124@1.0722708
464.2709,8.47,464.271,C18 H26 N8 O7
300.9219,1.02,300.922,C13 H2 O5 S2
534.5137,1.01,534.514,534.5139@1.015
362.2243,7.58,362.224,C21 H26 N6
556.1901,5.27,556.19,<none> nullnullnull 5.2721357
260.0038,0.97,260.004,C5 H9 Cl N2 O8
186.0886,0.67,186.089,#N/A
335.0115,4.33,335.012,C15 H5 N5 O3 S
220.0052,0.86,220.005,C4 H11 Cl3 N4
923.4971,4.15,923.497,> limit nullnullnull 4.1529126
222.0591,6.96,222.059,<none> nullnullnull 6.931442
726.4015,4.27,726.402,C46 H62 O S3
244.1313,2.15,244.131,C13 H16 N4 O
369.9672,1.14,369.967,369.967@1.1422591
376.2271,8.07,376.227,376.2262@8.070092
238.2178,1.44,238.218,<none> nullnullnull 1.4274446
280.1284,2.12,280.128,C20 H14 N2
224.0125,1.11,224.013,C5 H9 Cl N4 O2 S
303.3619,1.01,303.362,<none> nullnullnull 1.0074893
268.1277,2.23,268.128,C10 H22 Cl2 N4
216.0066,1.21,216.007,C3 H9 Cl N4 O3 S
354.1651,2.32,354.165,C16 H34 S4
104.0356,1.08,104.036,C6 H4 N2
334.0259,1.1,334.026,C20 H11 Cl O S
403.2781,8.13,403.278,C12 H29 N13 O3
280.0597,0.99,280.06,C14 H16 O2 S2
325.938,1.23,325.938,325.9376@1.2123886
418.9063,3.2,418.906,C16 H5 N O5 S4
440.2336,8.25,440.234,440.2309@8.258304
165.0787,1.13,165.079,C9 H11 N O2
402.1913,8.47,402.191,C25 H26 N2 O3
213.9865,1.37,213.987,C7 H6 N2 O2 S2
767.8574,1.57,767.857,#N/A
460.2351,8.47,460.235,C20 H37 Cl N6 O2 S
202.1743,0.96,202.174,#N/A
205.8869,0.95,205.887,C3 H4 Cl2 S3
440.2288,8.07,440.229,440.2275@8.061222
159.8816,1,159.882,#N/A
336.195,8.45,336.195,336.1942@8.056982
277.1538,2.19,277.154,C13 H27 N O S2
342.1743,8.06,342.174,C16 H26 Cl2 N4
296.1501,1.06,296.15,#N/A
137.8988,0.91,137.899,#N/A
494.2857,8.47,494.286,494.2841@8.161103
423.4542,0.98,423.454,423.4541@0.8710001
215.9149,0.96,215.915,C4 H5 Cl O2 S3
327.3136,8.05,327.314,C20 H41 N O2
393.2044,6.68,393.204,C19 H28 Cl N5 O2
749.5511,9.07,749.551,> limit nullnullnull 9.062
238.1212,3.61,238.121,C13 H18 O4
307.9648,1.02,307.965,C11 H20 N2 O8
324.0818,4.32,324.082,C11 H20 N2 O5 S2
344.1471,2.36,344.147,C17 H28 O3 S2
438.2206,3.2,438.221,#N/A
256.0122,1.09,256.012,C5 H13 Cl N6 S2
534.6245,1.01,534.625,<none> nullnullnull 1.0090526
414.1923,2.43,414.192,C26 H26 N2 O3
149.1259,1.88,149.126,C10 H15 N
310.1447,2.91,310.145,#N/A
137.0837,1.49,137.084,#N/A
192.1357,2.2,192.136,C9 H20 O4
163.0843,4.27,163.084,C6 H13 N O4
239.98,1.12,239.98,C6 H12 N2 S4
115.136,1.44,115.136,C7 H17 N
464.2764,8.07,464.276,C18 H26 N8 O7
202.0537,0.86,202.054,C14 H6 N2
478.2853,8.47,478.285,478.2836@8.467226
454.2186,3.22,454.219,C21 H42 O4 S3
206.1518,2.51,206.152,C10 H22 O4
510.2803,8.47,510.28,510.287@8.127019
144.0096,0.87,144.01,C3 H4 N4 O S
389.3037,7.34,389.304,C18 H40 Cl N7
327.3132,7.58,327.313,C20 H41 N O2
328.1559,2.91,328.156,C16 H24 O7
300.0119,2.31,300.012,C8 H16 N2 O2 S4
366.1968,8.07,366.197,C19 H30 N2 O3 S
362.1574,2.36,362.157,#N/A
326.8886,3.2,326.889,C11 H2 Cl N O3 S3
228.1329,2.41,228.133,#N/A
314.1672,8.47,314.167,C10 H27 Cl2 N7
424.9007,3.2,424.901,C14 H4 Cl N3 O5 S3
463.3017,0.8,463.302,C20 H41 N5 O7
366.2096,8.47,366.21,C13 H18 Cl N9 S
304.0061,1.16,304.006,C15 H4 N4 O2 S
345.3258,8.24,345.326,C20 H43 N O3
270.1048,1.07,270.105,C9 H22 N2 O3 S2
613.2937,0.83,613.294,C26 H47 N O15
238.1236,3.54,238.124,C13 H18 O4
155.0944,2.18,155.094,#N/A
148.0367,6.92,148.037,C6 H12 S2
514.277,8.07,514.277,514.2762@8.109064
588.3097,8.03,588.31,588.309@7.973902
328.1526,8.06,328.153,C16 H24 O7
402.1942,8.13,402.194,C25 H26 N2 O3
889.4851,4.14,889.485,> limit nullnullnull 4.2737966
315.0027,1.18,315.003,C15 H9 N O3 S2
148.1103,2.15,148.11,C7 H16 O3
466.2543,7.75,466.254,466.2538@7.7438903
337.9583,1.12,337.958,337.958@1.0850713
364.2146,8.08,364.215,364.213@8.073926
238.2172,8.47,238.217,<none> nullnullnull 1.4274446
434.2567,8.47,434.257,C12 H34 N8 O9
480.2749,8.07,480.275,480.271@8.070919
508.293,8.07,508.293,C27 H53 Cl S3
276.2285,5.88,276.229,#N/A
382.2064,8.46,382.206,C18 H29 Cl N4 O3
241.9771,1.03,241.977,C11 H2 N2 O3 S
321.19,0.8,321.19,#N/A
1851.5293,4.27,1851.529,1851.5326@4.271
282.1667,1.71,282.167,C12 H26 O7
330.3943,1.49,330.394,<none> nullnullnull 1.4908236
408.2247,8.47,408.225,C27 H28 N4
340.1518,2.35,340.152,C24 H24 N2
222.0894,3.99,222.089,C13 H10 N4
384.1807,3.43,384.181,C20 H25 Cl N6
664.4124,8.49,664.412,664.4135@8.479188
305.8566,0.98,305.857,305.8566@0.97563815
282.1033,1.07,282.103,C21 H14 O
199.8979,1,199.898,199.8984@1.002185
538.3166,8.47,538.317,C37 H46 O S
314.088,5.45,314.088,C12 H18 N4 O2 S2
242.0121,0.87,242.012,<none> nullnullnull 0.86969995
213.9784,1.05,213.978,#N/A
328.1472,1.06,328.147,C16 H20 N6 S
398.2089,8.48,398.209,398.2061@8.072358
326.1435,3.21,326.144,C18 H18 N2 O4
252.2333,8.07,252.233,<none> nullnullnull 8.059755
282.1124,2.19,282.112,C11 H22 O6 S
171.949,8.38,171.949,C5 H Cl N2 O S
358.1984,8.06,358.198,C13 H30 N2 O9
468.1312,4.86,468.131,C17 H21 Cl N8 O6
749.4006,9.63,749.401,> limit nullnullnull 9.62094
140.1185,2.86,140.119,C9 H16 O
450.2614,8.48,450.261,#N/A
375.9177,0.99,375.918,C7 H11 Cl3 O9 S
386.1927,2.38,386.193,C16 H30 N6 O S2
398.1954,3.11,398.195,C17 H31 Cl N6 O S
346.1189,5.28,346.119,346.119@5.281
398.2069,8.07,398.207,398.2061@8.072358
404.438,0.96,404.438,<none> nullnullnull 0.9647777
185.1905,0.84,185.191,#N/A
128.0448,1.05,128.045,C6 H8 O3
308.1274,2.2,308.127,C15 H20 N2 O3 S
363.216,8.08,363.216,363.2163@8.034818
318.2775,7.15,318.278,C18 H38 O4
216.097,1.44,216.097,C14 H16 S
226.1205,2.19,226.121,C12 H19 Cl N2
317.9671,1.04,317.967,C7 H8 Cl2 N2 O8
1070.7253,8.86,1070.725,> limit nullnullnull 8.846369
209.1078,1.44,209.108,C8 H19 N O3 S
330.159,1.47,330.159,C10 H26 N4 O6 S
431.2842,8.07,431.284,431.2858@8.069464
218.0253,2.27,218.025,#N/A
554.3016,8.48,554.302,#N/A
433.2846,8.47,433.285,433.2876@8.465433
269.9382,2.73,269.938,C13 Cl2 N2 O
384.1927,8.42,384.193,384.1907@7.5555305
358.3065,8.21,358.307,C22 H46 O3
366.2034,8.47,366.203,C13 H18 Cl N9 S
229.9506,1.07,229.951,C5 H8 Cl2 N2 S2
294.1441,2.61,294.144,C11 H23 Cl N4 O3
290.0633,1.02,290.063,C13 H14 N4 S2
272.1273,2.18,272.127,C14 H16 N4 O2
380.1851,2.87,380.185,C21 H40 N2 O4
167.9924,1.03,167.992,C6 H4 N2 O2 S
387.2553,8.08,387.255,C21 H38 Cl N O3
351.3081,7.11,351.308,C22 H41 N O2
312.161,8.07,312.161,C16 H25 Cl N2 O2
763.8059,9.07,763.806,> limit nullnullnull 9.061548
247.8985,1,247.899,C3 H5 Cl N2 O S4
317.9848,1.07,317.985,317.9833@1.0381154
552.3257,8.48,552.326,C26 H53 Cl N4 O6
684.2744,0.83,684.274,C22 H32 N22 O3 S
590.3104,8.47,590.31,C34 H54 S4
359.354,5.74,359.354,C25 H45 N
204.0787,6.01,204.079,C12 H12 O3
349.2039,2.28,349.204,C16 H33 N O3 S2
773.4357,0.92,773.436,> limit nullnullnull 0.9148235
926.506,4.11,926.506,926.5066@4.08
374.2122,8.46,374.212,C17 H30 N2 O7
339.9131,3.19,339.913,C8 H8 N2 O3 S5
195.8573,0.92,195.857,<none> nullnullnull 0.89820004
480.2593,8.47,480.259,480.2564@8.465406
99.1051,1.01,99.105,#N/A
424.2663,8.43,424.266,C18 H32 N8 O4
356.1542,2.34,356.154,C14 H30 Cl2 N4 O2
335.1947,2.35,335.195,C10 H27 N9 O2 S
373.2479,8.46,373.248,#N/A
1530.8365,8.47,1530.837,> limit nullnullnull 8.465095
298.2516,6.72,298.252,#N/A
474.248,8.17,474.248,C14 H37 Cl2 N11 O3
189.9382,1,189.938,#N/A
386.1937,3.6,386.194,C16 H30 N6 O S2
723.4994,9.07,723.499,C34 H70 Cl N7 O7
219.1088,1.49,219.109,C13 H17 N S
1084.214,3.19,1084.214,> limit null 3.2007172
453.2573,8.21,453.257,#N/A
424.2576,8.47,424.258,C18 H40 N4 O3 S2
308.2095,2.75,308.21,#N/A
359.3553,5.19,359.355,C25 H45 N
227.1881,4,227.188,C13 H25 N O2
268.0808,1.44,268.081,C10 H12 N4 O5
143.9523,1.76,143.952,143.9522@1.783
291.1686,2.25,291.169,C17 H25 N O S
255.8136,0.92,255.814,<none> nullnullnull 0.923
491.8259,0.99,491.826,C23 H43 N S5
258.0712,0.62,258.071,#N/A
275.9774,1.13,275.977,C12 H5 Cl N2 O2 S
424.2686,8.07,424.269,C18 H32 N8 O4
616.2586,2.17,616.259,C40 H44 O2 S2
300.1628,8.48,300.163,C18 H24 N2 O2
1612.4651,8.86,1612.465,> limit null 8.8699
507.3296,8.47,507.33,C25 H35 N9 O3
324.1727,8.48,324.173,C20 H26 N2 S
406.2389,8.47,406.239,C17 H36 N4 O3 S2
235.9686,1.02,235.969,C3 H9 Cl N2 O4 S2
414.1255,6.01,414.126,C19 H30 N2 S4
405.2569,8.47,405.257,C29 H30 N2
1524.8857,8.47,1524.886,> limit nullnullnull 8.46488
540.2964,8.07,540.296,540.2963@8.073129
260.0039,0.99,260.004,C5 H9 Cl N2 O8
162.1253,2.78,162.125,C8 H18 O3
310.1435,2.31,310.144,#N/A
594.3585,8.47,594.359,C15 H43 N13 O4 S4
428.3074,8.47,428.307,C24 H52 N4 O2
314.141,2.18,314.141,#N/A
302.0168,1,302.017,302.0172@1.0205758
414.204,8.47,414.204,414.2059@4.8574634
358.1549,1.06,358.155,C18 H27 Cl O5
208.9379,1.32,208.938,C5 H4 Cl N O2 S2
103.0999,0.96,103.1,#N/A
190.156,3.75,190.156,C10 H22 O3
369.9994,1.04,369.999,C10 H7 Cl N8 O4 S
291.988,1.09,291.988,C15 H10 Cl2 S
319.0409,4.32,319.041,C17 H9 N3 O2 S
226.168,2.07,226.168,C8 H18 N8
80.0095,1.1,80.01,<none> nullnullnull 1.0862594
331.3233,5.54,331.323,C23 H41 N
334.0163,0.86,334.016,C10 H12 Cl2 N6 O S
330.0533,1,330.053,330.0535@1.012434
282.2545,6.7,282.255,C18 H34 O2
324.1579,2.74,324.158,C22 H18 N2 O
1077.44,3.2,1077.44,1077.4374@3.2020006
509.1541,4.86,509.154,C36 H19 N3 O
658.361,8.07,658.361,#N/A
353.2777,5.06,353.278,C14 H31 N11
323.1933,2.38,323.193,C18 H29 N O2 S
459.3084,8.09,459.308,C12 H38 Cl N15 O2
200.8049,1.02,200.805,200.8037@1.024
147.9479,1,147.948,C7 S2
294.1214,2.17,294.121,#N/A
468.791,1.1,468.791,<none> null 1.0984
564.415,8.22,564.415,C29 H60 N10 O
404.2474,8.47,404.247,C21 H33 Cl N6
524.3018,8.07,524.302,#N/A
260.1228,1.04,260.123,C16 H20 O S
797.4006,1.44,797.401,#N/A
763.9001,9.07,763.9,> limit nullnullnull 9.062619
914.32,4.27,914.32,#N/A
242.2121,8.06,242.212,<none> nullnullnull 8.06816
87.1022,3.19,87.102,<none> null 3.1777506
438.2453,8.48,438.245,438.2424@8.4796095
582.3399,8.05,582.34,C20 H47 Cl N12 O2 S2
811.4174,1.44,811.417,> limit nullnullnull 1.4308962
274.2505,7.19,274.251,C16 H34 O3
294.9161,3.19,294.916,<none> null 3.1690392
510.2857,8.12,510.286,510.287@8.127019
678.434,8.51,678.434,678.4394@8.500444
466.2609,8.15,466.261,466.2615@8.14474
500.2644,8.22,500.264,C26 H37 Cl N6 O2
378.223,8.47,378.223,378.223@8.46535
152.9541,3.2,152.954,<none> null 3.1815646
304.1478,1.04,304.148,C18 H24 O2 S
314.1708,2.96,314.171,314.1701@6.4679995
777.5829,9.07,777.583,> limit nullnullnull 9.062331
672.3775,8.48,672.378,672.3761@8.468327
908.4762,4.12,908.476,> limit nullnullnull 4.119741
961.4209,4.27,961.421,> limit nullnullnull 4.266827
378.2238,8.07,378.224,378.223@8.46535
702.391,8.07,702.391,C25 H55 Cl N12 O9
308.1228,1.06,308.123,C15 H20 N2 O3 S
357.2411,8.46,357.241,#N/A
254.1115,1.47,254.112,C11 H23 Cl O2 S
761.4496,0.92,761.45,> limit nullnullnull 0.9065384
533.3367,4.86,533.337,C31 H51 N O2 S2
216.0969,1.02,216.097,C14 H16 S
206.1508,2.84,206.151,C10 H22 O4
240.1228,2.18,240.123,#N/A
113.084,2.06,113.084,C6 H11 N O
514.2734,8.12,514.273,514.2762@8.109064
426.0711,1.99,426.071,C13 H22 N4 O6 S3
366.1909,7.55,366.191,C19 H30 N2 O3 S
330.3128,8.27,330.313,C20 H42 O3
475.3197,8.08,475.32,475.3187@8.073858
564.3618,8.46,564.362,564.3634@8.459277
368.1778,2.31,368.178,#N/A
487.2772,8.46,487.277,C23 H29 N13
582.3335,8.35,582.334,C20 H47 Cl N12 O2 S2
204.0878,1.92,204.088,#N/A
444.3822,4.34,444.382,C27 H48 N4 O
642.3497,8.47,642.35,C30 H54 N6 O3 S3
472.2417,8.49,472.242,C25 H42 Cl2 N2 S
292.1649,3.53,292.165,#N/A
296.1201,1.06,296.12,C16 H16 N4 O2
362.224,7.58,362.224,C21 H26 N6
1325.346,9.07,1325.346,> limit nullnullnull 9.062074
612.1775,9.06,612.178,C38 H24 N6 O S
383.3347,7.8,383.335,C19 H41 N7 O
534.7833,1.01,534.783,<none> null 1.0143636
155.9767,0.88,155.977,C10 H Cl
243.1822,3.7,243.182,C13 H25 N O3
430.1978,3.07,430.198,C21 H30 N6 S2
540.295,8.49,540.295,540.2963@8.073129
370.096,6.94,370.096,C15 H22 N4 O S3
261.8947,1.12,261.895,261.8945@1.1242925
1572.8976,8.47,1572.898,> limit nullnullnull 8.467869
394.2236,8.47,394.224,394.2235@8.4680805
402.1892,2.52,402.189,C19 H30 O9
340.1577,8.08,340.158,C24 H24 N2
317.964,0.98,317.964,C7 H8 Cl2 N2 O8
444.2368,8.1,444.237,C16 H38 Cl2 N8 O2
345.3254,8.1,345.325,C20 H43 N O3
196.1033,2.01,196.103,C6 H16 N2 O5
331.3231,5.17,331.323,C23 H41 N
159.9773,0.66,159.977,#N/A
1637.0314,8.18,1637.031,> limit nullnullnull 8.175884
445.297,8.09,445.297,445.2969@8.081451
460.1133,5.28,460.113,C22 H16 N6 O6
384.1481,4.32,384.148,C20 H24 N4 S2
242.1153,2.21,242.115,C16 H18 S
181.1828,2.55,181.183,C12 H23 N
706.3738,4.27,706.374,C37 H65 N5 O8
125.0812,0.87,125.081,#N/A
256.2392,0.72,256.239,#N/A
326.1934,1.95,326.193,C11 H30 N6 O S2
530.4004,8.76,530.4,C30 H58 O5 S
364.2024,8.47,364.202,364.2013@8.465906
157.1461,4.18,157.146,#N/A
357.9744,0.88,357.974,357.9767@0.87637496
393.2028,6.92,393.203,C19 H28 Cl N5 O2
350.2064,8.47,350.206,350.2037@8.463791
385.7713,8.21,385.771,<none> nullnullnull 8.209399
81.9379,1,81.938,<none> nullnullnull 1.0085001
391.2363,8.46,391.236,C15 H29 N13
498.2622,8.19,498.262,C24 H40 N2 O9
447.2695,0.8,447.27,C27 H42 Cl N S
345.3235,8.45,345.324,C20 H43 N O3
272.1624,2.8,272.162,#N/A
247.9205,3.19,247.921,C6 H4 N2 O S4
222.0579,5.48,222.058,<none> nullnullnull 6.931442
238.1196,2.64,238.12,C13 H19 Cl N2
351.1917,8.09,351.192,C15 H29 N O8
234.8043,1.1,234.804,234.804@1.113
351.1903,3,351.19,C15 H29 N O8
449.2905,8.46,449.291,449.2948@8.463277
266.1143,2.14,266.114,266.1124@1.0722708
379.956,1.08,379.956,379.9557@1.0777593
324.1577,3.22,324.158,C22 H18 N2 O
404.7011,0.96,404.701,<none> nullnullnull 0.975
304.975,1.1,304.975,C10 H8 Cl N O6 S
221.8784,1.05,221.878,#N/A
349.1863,2.33,349.186,#N/A
352.1906,8.07,352.191,#N/A
630.3459,8.47,630.346,630.3424@8.4647875
219.9516,1.07,219.952,C3 H8 O5 S3
333.188,8.48,333.188,C15 H28 Cl N3 O3
1080.2664,8.84,1080.266,> limit nullnullnull 8.856084
1230.6761,8.47,1230.676,> limit nullnullnull 8.462144
798.337,4.25,798.337,798.3352@4.255384
333.8828,3.87,333.883,C13 Cl2 N2 O S2
536.1435,7.48,536.144,C21 H30 Cl2 N4 O8
402.1951,8.07,402.195,C25 H26 N2 O3
482.2624,8.16,482.262,482.2601@7.123809
472.2379,8.07,472.238,C15 H36 N16 S
380.2044,8.48,380.204,C10 H28 N12 S2
409.9687,1.17,409.969,409.9699@1.1554362
2444.2402,1.96,2444.24,> limit nullnullnull 1.9596
585.175,3.2,585.175,C18 H35 N O20
466.2855,8.81,466.286,C22 H46 N2 O2 S3
477.2974,8.47,477.297,477.2978@8.469937
508.2972,8.17,508.297,C27 H53 Cl S3
490.2503,8.2,490.25,490.2507@8.210308
167.9865,1.02,167.987,C5 H9 Cl O2 S
331.3232,5.81,331.323,C23 H41 N
1070.8591,8.84,1070.859,> limit nullnullnull 8.844346
447.2968,8.48,447.297,C28 H37 N3 O2
351.9759,1.01,351.976,C11 H4 N4 O8 S
202.2156,0.87,202.216,#N/A
252.1349,2.94,252.135,#N/A
299.9366,1.03,299.937,C5 H5 Cl N4 O5 S2
724.3208,3.2,724.321,#N/A
2444.742,1.96,2444.742,> limit nullnullnull 1.9556863
216.0982,2.34,216.098,C14 H16 S
389.7932,0.95,389.793,C5 H3 Cl3 O6 S4
702.3911,8.49,702.391,C25 H55 Cl N12 O9
218.1539,0.96,218.154,C12 H18 N4
444.2394,8.23,444.239,C16 H38 Cl2 N8 O2
232.0721,2.81,232.072,C13 H12 O4
998.5513,8.07,998.551,> limit nullnullnull 8.077255
394.1921,2.97,394.192,C20 H29 Cl N2 O4
298.2538,6.91,298.254,#N/A
1605.9983,8.46,1605.998,#N/A
262.0496,4.32,262.05,C14 H14 O S2
196.0711,0.88,196.071,C5 H13 Cl N4 O2
1644.8915,8.47,1644.892,> limit nullnullnull 8.468729
1018.531,8.48,1018.531,> limit nullnullnull 8.449001
415.2809,8.08,415.281,#N/A
309.8931,1.05,309.893,C5 H4 Cl2 O9 S
1040.6932,8.22,1040.693,> limit nullnullnull 8.213116
416.2059,3.22,416.206,C24 H32 O4 S
212.104,2.04,212.104,#N/A
612.3383,8.08,612.338,C46 H44 O
256.1297,2.43,256.13,#N/A
384.2803,8.08,384.28,384.2807@8.077716
594.3572,8.08,594.357,C15 H43 N13 O4 S4
382.205,7.54,382.205,C18 H29 Cl N4 O3
676.3566,8.47,676.357,C37 H60 N2 O S4
602.3208,8.07,602.321,602.3222@8.071379
500.2596,3.15,500.26,C24 H30 N12 O
375.2503,8.08,375.25,#N/A
310.1493,3.3,310.149,#N/A
495.6999,1.49,495.7,#N/A
616.3398,8.26,616.34,C28 H40 N16 O
469.4248,1.1,469.425,C26 H57 N5 S
174.1248,5.97,174.125,C9 H18 O3
584.3127,8.47,584.313,C29 H49 Cl N4 O4 S
396.3166,8.43,396.317,C16 H36 N12
311.9184,3.19,311.918,C7 H8 N2 O2 S5
258.9508,1.17,258.951,C7 H2 Cl N3 O4 S
925.7679,4.28,925.768,> limit nullnullnull 4.2695
220.1572,5.04,220.157,220.1571@5.0240555
372.1953,8.08,372.195,C17 H35 Cl3 N2
485.6446,0.92,485.645,<none> nullnullnull 0.91333324
351.1921,2.29,351.192,C15 H29 N O8
408.2292,8.1,408.229,C27 H28 N4
609.377,8.47,609.377,609.3776@8.470815
436.2585,8.47,436.259,C18 H38 Cl2 N8
935.3269,0.92,935.327,> limit nullnullnull 0.9148148
165.9623,1.02,165.962,#N/A
292.1049,1.05,292.105,#N/A
724.3456,3.2,724.346,C32 H44 N12 O8
431.2806,8.47,431.281,431.2858@8.069464
317.1816,2.71,317.182,#N/A
386.1918,2.7,386.192,C16 H30 N6 O S2
760.3748,9.07,760.375,> limit nullnullnull 9.078616
463.3055,8.46,463.306,C20 H41 N5 O7
189.9715,1.77,189.972,C4 H3 Cl N4 O S
298.2529,6.92,298.253,#N/A
521.5865,8.46,521.587,<none> nullnullnull 8.4104395
760.4127,8.47,760.413,760.4158@8.468645
534.2744,8.04,534.274,C19 H42 N4 O13
209.9906,1.02,209.991,C4 H6 N2 O6 S
344.1333,1.07,344.133,C13 H28 O6 S2
396.2156,8.23,396.216,396.2162@8.218893
644.3451,8.46,644.345,C38 H44 N8 O2
428.2041,2.43,428.204,C17 H35 Cl3 N6
352.1897,8.48,352.19,C18 H15 N3 O5
257.9313,1,257.931,#N/A
279.1669,2.46,279.167,279.167@2.4519627
270.1295,2.38,270.13,C14 H22 O3 S
268.08,1.45,268.08,C10 H12 N4 O5
376.1724,2.43,376.172,C16 H24 N8 O S
763.3825,9.07,763.383,> limit nullnullnull 9.08035
284.2707,0.71,284.271,284.2783@5.929998
359.2024,3.2,359.202,C19 H34 Cl N O S
409.235,8.47,409.235,C26 H35 N O S
368.1886,8.07,368.189,C18 H34 Cl2 O3
446.282,8.19,446.282,446.2848@8.197155
506.3231,6.67,506.323,C25 H50 N2 O4 S2
1428.7135,8.47,1428.714,1428.7059@8.432
267.0978,1.44,267.098,C11 H9 N9
224.0245,0.96,224.025,C5 H8 N2 O8
357.8948,1.02,357.895,C11 H4 Cl2 N4 S3
226.1249,8.47,226.125,C12 H19 Cl N2
335.1955,8.09,335.196,C10 H27 N9 O2 S
335.1957,3.52,335.196,C10 H27 N9 O2 S
471.2775,8.46,471.278,C21 H46 Cl N3 O6
601.5597,0.92,601.56,C16 H22 Cl3 N9 O8 S
784.4453,8.07,784.445,> limit nullnullnull 8.075037
376.2418,5.06,376.242,C15 H32 N6 O5
535.39,1.01,535.39,C22 H52 Cl N11 O2
358.3471,1.01,358.347,C12 Cl3 N O4 S
366.2,8.07,366.2,#N/A
163.0842,4.14,163.084,C6 H13 N O4
528.262,3.07,528.262,#N/A
321.1816,3.23,321.182,C13 H27 N3 O6
503.3383,8.08,503.338,C23 H36 Cl N9 O2
1552.8519,8.06,1552.852,> limit nullnullnull 8.0535
648.3454,8.07,648.345,#N/A
468.9858,1.1,468.986,468.9889@1.1070001
468.2343,3.11,468.234,C21 H36 N6 O2 S2
978.6514,8.07,978.651,#N/A
155.0077,0.86,155.008,C3 H9 N O2 S2
480.9433,4.3,480.943,C27 H3 N3 O S3
339.1887,2.4,339.189,#N/A
128.1202,7.99,128.12,C8 H16 O
240.1385,8.22,240.139,C13 H20 O4
839.7988,3.19,839.799,> limit null 3.190875
517.7353,0.96,517.735,<none> nullnullnull 0.9530391
278.249,8.07,278.249,C16 H30 N4
342.2883,5.26,342.288,C19 H38 N2 O3
519.3279,8.47,519.328,C27 H45 N5 O3 S
296.132,2.35,296.132,C10 H21 Cl N4 O4
210.0852,0.86,210.085,C12 H10 N4
636.3849,8.46,636.385,C40 H50 N2 O5
214.0836,1.08,214.084,C6 H10 N6 O3
236.1524,2.25,236.152,C13 H20 N2 O2
281.2696,7.65,281.27,C18 H35 N O
474.4201,1.09,474.42,#N/A
273.1581,2.4,273.158,C14 H27 N S2
486.3532,7.32,486.353,C27 H46 N6 S
520.3455,8.07,520.346,520.3446@8.074528
323.9488,1.17,323.949,C12 H17 Cl O8
404.251,8.07,404.251,404.251@8.072101
200.1033,2.16,200.103,#N/A
533.0461,4.32,533.046,C21 H25 Cl2 N3 O3 S3
313.7725,0.92,313.773,<none> nullnullnull 0.90962
1704.9419,8.46,1704.942,> limit nullnullnull 8.464587
764.1537,9.06,764.154,764.1542@9.05973
708.4571,8.47,708.457,708.4546@8.465037
85.0895,1.13,85.09,#N/A
382.2866,0.97,382.287,C14 H38 N8 O2 S
536.3445,8.08,536.345,536.3427@8.087624
779.5635,8.58,779.564,779.5636@8.575576
346.1665,8.48,346.167,Tolazamide
437.791,0.96,437.791,C7 H Cl3 N4 O4 S4
716.9439,3.19,716.944,<none> null 3.1956427
216.0978,8.11,216.098,C14 H16 S
596.3333,8.07,596.333,596.336@8.063819
907.4922,3.82,907.492,> limit nullnullnull 4.2793517
172.0717,1.46,172.072,C4 H8 N6 O2
586.4623,8.47,586.462,C26 H52 N16
358.1949,8.48,358.195,C13 H30 N2 O9
425.2476,8.46,425.248,C13 H27 N15 O2
530.3804,7.28,530.38,#N/A
292.1131,1.05,292.113,C14 H32 N2 O2 S
338.1449,3.02,338.145,#N/A
519.3392,8.08,519.339,C18 H39 N11 O3 S2
291.9873,1.03,291.987,C15 H10 Cl2 S
256.13,2.36,256.13,#N/A
410.2032,2.3,410.203,#N/A
452.2556,8.08,452.256,452.258@8.076907
163.9226,1.08,163.923,#N/A
525.4195,7.27,525.42,#N/A
99.1047,1.52,99.105,#N/A
457.2957,8.46,457.296,457.2922@8.45476
324.0212,4.33,324.021,C16 H8 N2 O4 S
538.3067,8.16,538.307,C23 H47 Cl N6 O6
391.3658,8.14,391.366,C18 H45 N7 O2
377.2241,8.48,377.224,#N/A
907.4942,4.11,907.494,> limit nullnullnull 4.2793517
923.4962,4.09,923.496,> limit nullnullnull 4.1529126
410.2277,8.24,410.228,#N/A
327.3136,7.85,327.314,C20 H41 N O2
434.2589,8.08,434.259,C12 H34 N8 O9
624.3393,8.47,624.339,#N/A
480.7181,3.2,480.718,#N/A
1320.6959,8.47,1320.696,> limit nullnullnull 8.486889
1018.6918,8.47,1018.692,> limit nullnullnull 8.466674
362.1469,1.05,362.147,C10 H28 Cl2 N8 S
432.2139,8.47,432.214,432.2103@8.313
628.3394,8.2,628.339,C24 H52 N8 O9 S
398.9408,3.21,398.941,C12 H9 N5 O S5
302.1319,1.06,302.132,C10 H18 N6 O5
288.182,1.17,288.182,C12 H25 Cl N6
569.4479,7.22,569.448,C34 H59 N5 S
293.986,1.09,293.986,C19 H6 N2 O2
648.3912,8.12,648.391,C34 H66 O3 S4
1650.8522,8.2,1650.852,> limit nullnullnull 8.134565
519.731,0.97,519.731,519.7368@0.9636667
452.3329,2.29,452.333,C27 H48 O3 S
604.1384,3.19,604.138,C16 H36 N4 O14 S3
198.0506,1.6,198.051,#N/A
382.2035,8.07,382.204,C18 H29 Cl N4 O3
458.2726,2.05,458.273,C25 H38 N4 O2 S
416.2126,8.16,416.213,C18 H33 Cl N6 O S
193.1105,1.41,193.111,Butyl 4-aminobenzoate
545.3562,8.48,545.356,C26 H38 N14
1602.8337,8.06,1602.834,> limit nullnullnull 8.079876
166.0465,6.29,166.047,C6 H14 O5
397.2304,2.51,397.23,C18 H39 N O4 S2
365.9723,1.21,365.972,C13 H12 Cl2 O6 S
2012.8,4.62,2012.8,#N/A
1728.9371,8.06,1728.937,> limit nullnullnull 8.069375
224.0058,1.12,224.006,224.006@1.1082287
193.0786,2.24,193.079,#N/A
461.2849,8.47,461.285,C24 H39 N5 O2 S
604.3759,8.08,604.376,C24 H27 N7 O6 S3
283.0917,1.44,283.092,C10 H13 N5 O5
365.1754,5.94,365.175,365.1728@5.8789997
612.3364,8.13,612.336,C46 H44 O
1254.609,8.46,1254.609,1254.6097@8.446
306.9162,1.3,306.916,306.9156@1.28086
154.0998,8.47,154.1,C9 H14 O2
331.8344,0.96,331.834,C6 H16 Cl2 N8 O2 S
521.588,8.16,521.588,<none> nullnullnull 8.4104395
376.2256,8.47,376.226,376.2262@8.070092
440.3491,8.08,440.349,#N/A
550.3453,6.65,550.345,C31 H54 N2 S3
164.046,1.05,164.046,C9 H8 O3
492.2589,8.47,492.259,C14 H38 Cl2 N12 O3
268.0734,2.81,268.073,C7 H16 N4 O5 S
257.8546,1.03,257.855,C5 H3 Cl S5
381.229,8.48,381.229,#N/A
350.1983,8.07,350.198,C15 H31 Cl N4 O S
414.036,6.77,414.036,C21 H16 Cl2 N2 O S
307.9605,1.04,307.961,C11 H20 N2 O8
280.1245,1.07,280.125,C20 H14 N2
473.3017,8.45,473.302,473.3025@8.4648485
231.1482,2.94,231.148,C12 H17 N5
274.103,1.46,274.103,C9 H18 N6 S2
2012.4145,4.62,2012.415,#N/A
502.3831,8.47,502.383,C22 H50 N10 O S
387.2518,8.47,387.252,C21 H38 Cl N O3
368.144,1.06,368.144,C15 H22 N4 O7
1617.9662,8.47,1617.966,> limit nullnullnull 8.4705105
564.9241,8.22,564.924,C23 H3 N O15 S
998.5311,8.11,998.531,#N/A
156.9956,1.42,156.996,156.9953@1.3789998
1428.7067,8.06,1428.707,1428.7059@8.432
318.1293,1.7,318.129,C11 H22 N6 O S2
132.0866,1.04,132.087,<none> nullnullnull 1.0552
304.1615,8.47,304.162,C9 H21 Cl N10
328.135,1.46,328.135,C17 H28 S3
177.101,1.97,177.101,#N/A
692.4507,8.51,692.451,692.4509@8.499622
544.3852,7.55,544.385,C36 H68 N2 O
333.179,3.1,333.179,C15 H27 N O7
224.0284,0.96,224.028,C5 H8 N2 O8
454.235,8.08,454.235,C27 H36 O4 S
101.0263,0.86,101.026,101.0235@0.729
506.4573,8.47,506.457,<none> nullnullnull 8.460959
286.2145,8.07,286.215,C15 H34 N4 O
271.9391,1.02,271.939,#N/A
1362.7047,8.47,1362.705,#N/A
535.3499,8.08,535.35,#N/A
535.3684,1.02,535.368,C23 H47 N13 O2
401.2693,8.08,401.269,C24 H36 Cl N3
340.1673,8.49,340.167,C13 H29 Cl N4 O2 S
367.2841,5.92,367.284,367.2837@5.89543
407.2661,8.09,407.266,C19 H42 Cl N5 S
907.4926,4.16,907.493,> limit nullnullnull 4.2793517
240.2773,1.1,240.277,<none> nullnullnull 1.0976923
594.3732,6.6,594.373,C30 H62 N2 O S4
356.1669,8.07,356.167,356.1658@8.4238
370.0946,7.47,370.095,C15 H22 N4 O S3
2012.2033,4.61,2012.203,#N/A
322.1773,8.48,322.177,322.1713@4.397326
683.1971,9.22,683.197,C38 H33 N7 S3
454.0335,2.83,454.034,454.0327@2.812333
255.0792,0.85,255.079,#N/A
848.5205,8.49,848.521,> limit nullnullnull 8.141
912.4538,4.24,912.454,> limit nullnullnull 4.223079
353.9089,0.87,353.909,#N/A
423.454,1.01,423.454,423.4541@0.8710001
254.1099,1.06,254.11,#N/A
596.3418,8.48,596.342,596.3436@8.412108
438.2358,8.11,438.236,438.2345@8.112426
449.7503,0.96,449.75,<none> nullnullnull 0.9487501
1853.7493,4.27,1853.749,> limit nullnullnull 4.2632294
204.1372,3.52,204.137,C11 H16 N4
254.1862,4.14,254.186,C16 H30 S
410.245,7.24,410.245,C20 H39 Cl O6
301.8212,0.95,301.821,C3 H4 Cl2 O6 S3
114.0685,8.47,114.069,C6 H10 O2
1026.7606,8.47,1026.761,> limit nullnullnull 8.466818
658.5196,8.47,658.52,#N/A
312.8302,1.1,312.83,<none> nullnullnull 1.0794706
972.7117,8.47,972.712,> limit nullnullnull 8.464869
370.3188,6.36,370.319,C17 H38 N8 O
210.0885,2.8,210.089,C12 H10 N4
267.9534,1.01,267.953,267.9537@0.99351174
672.3811,7.23,672.381,672.3811@7.2093105
535.2683,1.01,535.268,C27 H29 N13
413.2256,2.52,413.226,C13 H35 N9 O2 S2
260.1037,3.56,260.104,#N/A
461.7691,0.97,461.769,#N/A
186.0899,8.47,186.09,#N/A
482.26,7.13,482.26,482.2601@7.123809
270.2141,6.01,270.214,<none> nullnullnull 5.9928074
2140.89,2.15,2140.89,> limit null 2.147076
374.1448,1.07,374.145,C15 H18 N8 O4
397.2347,8.47,397.235,C18 H39 N O4 S2
479.9831,1.02,479.983,C15 H12 O16 S
272.0709,1.44,272.071,C10 H12 N2 O7
2140.6375,2.15,2140.638,> limit null 2.145635
566.3244,8.15,566.324,C18 H47 Cl N10 O8
360.1881,8.47,360.188,C21 H28 O5
1392.8559,8.07,1392.856,> limit nullnullnull 8.076084
426.2288,8.13,426.229,<none> nullnullnull 8.14706
435.8636,0.99,435.864,C18 H8 N6 O2 S3
419.2904,8.47,419.29,419.2993@8.094576
279.8407,0.95,279.841,C5 H3 Cl3 O S3
381.7531,0.95,381.753,<none> nullnullnull 0.9392401
334.0057,4.32,334.006,#N/A
2012.0053,4.61,2012.005,#N/A
166.0525,2.8,166.053,C5 H11 Cl N2 O2
407.2174,3.07,407.217,#N/A
537.9017,3.21,537.902,C18 H3 Cl N2 O14 S
847.8025,3.2,847.803,> limit null 3.1925578
357.2409,8.09,357.241,#N/A
2140.3906,2.15,2140.391,> limit null 2.1482966
339.9925,4.32,339.993,C11 H16 O4 S4
642.3466,8.17,642.347,C30 H54 N6 O3 S3
559.4104,8.21,559.41,C36 H53 N3 O2
659.5131,0.92,659.513,<none> nullnullnull 0.91168
535.333,8.47,535.333,535.333@8.464892
2012.6137,4.62,2012.614,#N/A
329.9915,1.01,329.992,C17 H2 N2 O6
181.0661,1.03,181.066,C8 H11 N3 S
401.2646,8.47,401.265,C24 H36 Cl N3
403.2525,8.48,403.253,C27 H33 N O2
1254.61,8.06,1254.61,1254.6097@8.446
462.3009,6.7,462.301,#N/A
367.218,8.47,367.218,C20 H33 N O3 S
1615.4634,8.85,1615.463,> limit nullnullnull 8.873666
526.2757,7.09,526.276,526.278@7.079421
500.3699,7.65,500.37,C35 H48 O2
613.472,7.19,613.472,C36 H71 N S3
507.7114,0.96,507.711,#N/A
646.4505,9.62,646.451,C37 H58 N8 S
481.3905,7.31,481.391,C25 H51 N7 S
429.6904,0.92,429.69,<none> nullnullnull 0.9134001
229.9084,1.33,229.908,#N/A
524.2977,8.22,524.298,524.2978@8.109862
270.1381,2.35,270.138,C16 H18 N2 O2
378.2043,7.82,378.204,C23 H26 N2 O3
512.2578,2.58,512.258,C33 H37 Cl N2 O
249.8992,0.9,249.899,C8 H Cl3 O3
532.2797,8.22,532.28,532.2797@8.216728
312.7703,1.09,312.77,<none> nullnullnull 1.0997777
432.2488,8.07,432.249,C21 H32 N6 O4
270.033,1.07,270.033,C6 H10 N2 O10
401.8137,0.97,401.814,C6 H4 Cl2 O8 S4
789.4233,0.92,789.423,> limit nullnullnull 0.9141764
128.1204,0.85,128.12,C8 H16 O
307.9032,3.19,307.903,C8 H Cl O9 S
226.0802,1.07,226.08,C15 H14 S
371.2512,8.08,371.251,C10 H28 Cl N9 O4
428.3098,8.08,428.31,C24 H52 N4 O2
1064.5503,8.47,1064.55,> limit nullnullnull 8.452072
926.1504,4.28,926.15,> limit nullnullnull 4.325
164.1406,8,164.141,<none> nullnullnull 7.986455
2141.1373,2.15,2141.137,> limit null 2.1475098
530.2715,7.09,530.272,530.2727@7.037998
296.2346,5.31,296.235,C14 H28 N6 O
421.2649,8.09,421.265,C12 H16 Cl3 N O S4
540.3862,1.01,540.386,540.3854@1.0159999
412.216,8.47,412.216,C12 H32 N10 O2 S2
1668.8738,8.47,1668.874,> limit nullnullnull 8.462702
1536.8101,8.47,1536.81,> limit nullnullnull 8.454955
433.8614,1.02,433.861,C11 H2 N2 O9 S4
1958.8474,4.27,1958.847,> limit nullnullnull 4.268511
417.2631,8.47,417.263,417.2607@8.465189
449.297,8.12,449.297,449.2948@8.463277
433.6859,0.91,433.686,<none> nullnullnull 0.9084286
939.5174,4.39,939.517,> limit null 4.385462
216.0973,1.94,216.097,C14 H16 S
469.524,1.09,469.524,<none> null 1.0956666
947.3091,0.92,947.309,> limit nullnullnull 0.91133326
85.986,0.86,85.986,#N/A
1072.6741,8.47,1072.674,> limit nullnullnull 8.467185
168.1585,0.82,168.159,#N/A
899.7605,3.2,899.761,> limit null 3.1900687
491.3481,8.08,491.348,C19 H41 Cl2 N3 O5 S
476.2339,8.15,476.234,C26 H36 O8
273.9127,1.02,273.913,C7 H5 Cl3 O S2
301.9105,4.28,301.911,C13 Cl2 N2 O S
536.3459,8.23,536.346,536.3427@8.087624
599.5593,0.92,599.559,#N/A
275.9427,1,275.943,#N/A
390.1988,3.2,390.199,C17 H30 N2 O8
319.1969,3.14,319.197,#N/A
1098.7203,8.07,1098.72,> limit nullnullnull 8.073334
466.2631,8.09,466.263,466.2615@8.14474
638.3977,6.57,638.398,638.397@6.562489
370.3062,8.14,370.306,C18 H38 N6 O2
198.05,1.33,198.05,#N/A
317.9614,0.98,317.961,C7 H8 Cl2 N2 O8
1090.7156,8.07,1090.716,> limit nullnullnull 8.0646
172.0716,1.02,172.072,C4 H8 N6 O2
279.1613,2.15,279.161,279.167@2.4519627
198.922,3.19,198.922,C6 H N O S3
516.3633,6.98,516.363,516.3624@6.958
371.7308,0.92,371.731,<none> nullnullnull 0.9132896
558.4104,8.08,558.41,#N/A
435.9468,2.09,435.947,C12 H12 N4 O4 S5
576.3215,8.24,576.322,C40 H17 Cl O3
578.3753,8.12,578.375,C30 H58 O4 S3
644.5037,8.47,644.504,C29 H64 N12 O2 S
929.8892,1.02,929.889,#N/A
268.2409,5.88,268.241,C17 H32 O2
241.279,3.27,241.279,#N/A
270.9108,0.85,270.911,C6 H6 Cl N O S4
447.7515,0.96,447.752,<none> nullnullnull 0.95084304
316.352,1.08,316.352,<none> nullnullnull 1.0900526
336.1601,2.87,336.16,#N/A
574.124,2.29,574.124,C22 H30 N4 O8 S3
1696.0962,8.47,1696.096,> limit nullnullnull 8.464101
1569.9635,8.21,1569.964,> limit nullnullnull 8.227116
726.5029,3.2,726.503,726.5074@3.2039995
539.4281,7.56,539.428,C30 H58 Cl N5 O
391.9639,4.31,391.964,391.9635@4.313401
1128.8161,8.23,1128.816,> limit nullnullnull 8.223976
708.5039,9.07,708.504,708.5037@9.0605545
466.0965,8.61,466.097,C23 H22 N4 O S3
448.2932,8.07,448.293,448.2955@8.073978
117.0797,1.04,117.08,C5 H11 N O2
1056.5219,2.34,1056.522,#N/A
454.3249,8.08,454.325,454.326@8.075419
444.4696,4.32,444.47,<none> nullnullnull 4.309356
194.1185,8.49,194.119,C8 H19 Cl N2 O
361.1431,3.21,361.143,361.1416@3.0824163
289.1495,2.18,289.15,C14 H19 N5 O2
614.4752,8.12,614.475,C39 H66 O S2
721.5158,3.21,721.516,721.5175@3.1930006
477.7407,0.95,477.741,#N/A
408.2328,8.24,408.233,C18 H37 Cl N4 O2 S
368.0057,5.44,368.006,C24 H4 N2 O S
517.3406,8.07,517.341,C23 H41 N11 O3
398.2047,8.09,398.205,398.2061@8.072358
494.2949,8.13,494.295,494.2978@8.14225
563.8798,1.03,563.88,#N/A
170.0944,8.47,170.094,C9 H14 O3
397.9134,1.03,397.913,#N/A
1704.9487,8.05,1704.949,> limit nullnullnull 8.464587
456.341,7.74,456.341,C17 H45 Cl N10 O2
436.1991,2.5,436.199,C18 H36 N4 O2 S3
319.9598,0.98,319.96,C16 O8
394.2187,8.48,394.219,394.2118@8.460834
306.0365,1.01,306.037,C11 H18 N2 S4
646.4024,8.5,646.402,#N/A
390.2364,8.49,390.236,C16 H34 N6 O3 S
472.2435,8.22,472.244,C25 H42 Cl2 N2 S
532.2728,7.28,532.273,532.2797@8.216728
602.4777,8.46,602.478,C40 H62 N2 O2
409.2324,2.43,409.232,C26 H35 N O S
457.7745,0.97,457.775,C12 H Cl3 O5 S4
648.3496,8.11,648.35,#N/A
1521.9754,8.46,1521.975,#N/A
1239.7094,8.46,1239.709,1239.7107@8.351
551.7842,0.99,551.784,C15 H2 Cl2 N2 O7 S5
682.4211,6.55,682.421,C33 H62 N8 O S3
459.3013,8.46,459.301,C12 H38 Cl N15 O2
1693.0834,8.47,1693.083,> limit nullnullnull 8.483998
784.5295,9.07,784.53,> limit nullnullnull 9.059333
657.499,7.16,657.499,C41 H71 N O S2
601.3825,8.09,601.383,C29 H41 N13 O2
339.1978,8.08,339.198,C25 H25 N
158.0942,8.47,158.094,C8 H14 O3
566.2801,7.07,566.28,566.2817@7.06811
148.0175,6,148.018,#N/A
142.1096,0.8,142.11,C7 H14 N2 O
662.7175,9.07,662.718,C15 H3 Cl2 N3 O13 S5
636.4396,7.19,636.44,#N/A
365.8132,0.99,365.813,C8 H5 Cl3 S5
204.0885,1.57,204.089,#N/A
462.169,5.95,462.169,462.1639@7.5281563
662.9785,9.06,662.979,#N/A
254.9571,1.21,254.957,#N/A
393.794,1.4,393.794,393.79@0.94949996
712.5452,8.49,712.545,C39 H54 O8 S2
266.0138,1.07,266.014,C8 H11 Cl N2 O4 S
222.0602,6.3,222.06,<none> nullnullnull 6.919
1257.8789,8.06,1257.879,1257.8672@8.066
265.8428,0.95,265.843,#N/A
228.0033,1.02,228.003,C4 H8 N2 O7 S
333.8322,0.96,333.832,C10 H3 Cl O S5
267.0982,1.02,267.098,C11 H9 N9
467.8936,0.87,467.894,C32 H Cl O S
791.5385,0.95,791.539,> limit nullnullnull 0.951
397.2326,8.1,397.233,C18 H39 N O4 S2
307.1647,2.15,307.165,C14 H21 N5 O3
321.9997,0.99,322,321.9937@1.0926666
370.0954,7.52,370.095,C15 H22 N4 O S3
326.1769,8.1,326.177,C17 H26 O6
262.0013,0.96,262.001,C6 H6 N4 O6 S
191.1307,3.85,191.131,C12 H17 N O
317.1856,3.07,317.186,#N/A
387.2481,2,387.248,C18 H37 N5 S2
266.0368,2.24,266.037,C11 H10 N2 O4 S
393.0422,4.32,393.042,C22 H8 Cl N5 O
265.2368,8.47,265.237,#N/A
1012.6778,8.46,1012.678,> limit nullnullnull 8.440944
982.6225,8.44,982.623,#N/A
354.0584,2.29,354.058,C16 H18 O5 S2
235.0003,1.22,235,C9 H6 Cl N5 O
702.5475,8.48,702.548,C41 H81 Cl O2 S2
413.237,8.47,413.237,413.2359@8.448557
628.5012,8.47,628.501,C29 H40 Cl2 N10 O2
423.7714,0.98,423.771,#N/A
495.4043,7.6,495.404,C28 H54 Cl N5
212.0644,1.46,212.064,C6 H8 N6 O3
419.2984,8.1,419.298,419.2993@8.094576
608.3298,8.07,608.33,#N/A
616.5573,2.53,616.557,#N/A
475.3164,8.24,475.316,475.3187@8.073858
1248.6327,8.06,1248.633,1248.6337@8.061
482.3723,3.21,482.372,#N/A
106.9934,1.37,106.993,106.9935@1.4379998
322.1706,8.09,322.171,322.1713@4.397326
167.0614,1.05,167.061,#N/A
199.9672,1.03,199.967,C14 S
464.4167,8.1,464.417,464.4169@8.091702
526.2842,8.22,526.284,526.2825@8.212869
221.8721,0.95,221.872,#N/A
399.8176,0.96,399.818,C7 H6 Cl2 O5 S5
131.0696,0.97,131.07,C4 H9 N3 O2
156.0794,8.47,156.079,C8 H12 O3
218.1961,0.96,218.196,C7 H22 N8
334.074,0.86,334.074,C9 H19 Cl N2 O9
778.5945,2.15,778.595,> limit null 2.1474407
392.2028,1.04,392.203,#N/A
224.0113,2.8,224.011,C5 H9 Cl N4 O2 S
328.0026,1.01,328.003,C16 H9 Cl N2 O2 S
721.2913,3.21,721.291,721.2911@3.2070005
618.3362,9.17,618.336,C34 H54 N2 O2 S3
778.7798,2.15,778.78,#N/A
432.2526,8.48,432.253,432.2526@8.4678955
603.8103,0.87,603.81,603.8122@0.8796586
452.2193,3.1,452.219,#N/A
718.7531,3.21,718.753,C45 H94 N6
273.9675,0.86,273.968,C15 H2 N2 S2
182.0933,8.49,182.093,#N/A
240.0976,1.06,240.098,C19 H12
316.1851,2.98,316.185,#N/A
1360.8311,8.48,1360.831,> limit nullnullnull 8.479069
273.8765,0.96,273.877,C5 H3 Cl O7 S2
431.2746,2.03,431.275,C19 H37 N5 O6
306.2539,0.94,306.254,#N/A
570.3103,7.02,570.31,570.3102@7.022691
515.7266,0.97,515.727,<none> nullnullnull 0.962909
458.2414,8.07,458.241,C22 H30 N6 O5
378.0779,6.01,378.078,C19 H22 O2 S3
182.0537,1.05,182.054,#N/A
277.9107,0.88,277.911,277.9113@0.87647724
304.0668,3.19,304.067,304.0662@3.2179997
487.646,0.92,487.646,<none> nullnullnull 0.91220003
394.0166,1.4,394.017,394.0165@1.44
1552.8378,8.06,1552.838,> limit nullnullnull 8.0535
322.1693,4.4,322.169,322.1699@8.058833
406.1865,2,406.187,C20 H38 S4
522.3196,8.11,522.32,#N/A
117.9674,1.01,117.967,117.9673@1.0369998
1064.6919,8.47,1064.692,#N/A
772.3534,9.63,772.353,> limit nullnullnull 9.622034
1018.7174,8.47,1018.717,> limit nullnullnull 8.469685
207.8859,0.96,207.886,C4 O2 S4
964.5227,8.17,964.523,> limit nullnullnull 8.168111
348.0148,1.05,348.015,C12 H13 Cl N2 O6 S
418.1945,3.25,418.195,C14 H35 Cl N6 O2 S2
1120.7069,8.47,1120.707,#N/A
277.9488,3.21,277.949,#N/A
354.1579,1.06,354.158,C20 H22 N2 O4
1712.9041,2.14,1712.904,> limit null 2.1485426
784.4028,4.28,784.403,> limit null 4.271059
297.0892,1.75,297.089,C11 H15 N5 O3 S
222.0871,1.07,222.087,C13 H10 N4
722.405,3.2,722.405,C30 H64 Cl2 N6 O9
270.0327,0.97,270.033,C6 H10 N2 O10
310.1493,3.11,310.149,#N/A
226.193,4.71,226.193,C10 H22 N6
1191.7068,8.47,1191.707,1191.7094@8.447
948.4856,8.07,948.486,> limit nullnullnull 8.0802
218.9652,8.44,218.965,C6 H5 N O4 S2
403.2654,8.48,403.265,C25 H5 Cl O2 S
305.1835,2.84,305.184,#N/A
778.6822,2.15,778.682,> limit null 2.151355
298.2571,6.37,298.257,#N/A
252.2332,8.12,252.233,<none> nullnullnull 8.059755
432.2109,8.17,432.211,432.2103@8.313
1712.5086,2.15,1712.509,> limit null 2.150053
336.126,1.07,336.126,<none> nullnullnull 1.0657142
442.0243,6.26,442.024,C27 H10 N2 O S2
501.741,0.98,501.741,#N/A
348.1757,1.03,348.176,C20 H28 O3 S
1818.9647,8.07,1818.965,> limit nullnullnull 7.944422
574.4052,7.23,574.405,C31 H62 N2 O S3
475.8086,1.01,475.809,C10 H3 Cl3 N4 O4 S4 nullnullnull 1.018125
411.2447,8.1,411.245,C15 H29 N11 O3
164.0012,0.98,164.001,C6 H9 Cl O S
528.4325,5.99,528.433,C26 H56 N8 O S
770.5032,8.47,770.503,770.5005@8.477703
373.7295,0.92,373.73,<none> nullnullnull 0.897375
346.166,8.48,346.166,Tolazamide
1712.7126,2.15,1712.713,> limit null 2.1521251
1690.0867,8.47,1690.087,> limit nullnullnull 8.472
259.9231,0.88,259.923,C10 H6 Cl2 S2
269.9558,0.87,269.956,C14 H3 Cl O2 S
129.1518,1.44,129.152,#N/A
474.3116,1.02,474.312,C25 H50 N2 S3
588.4195,7.53,588.42,#N/A
472.2324,3.29,472.232,C15 H36 N16 S
495.3135,8.08,495.314,#N/A
242.1126,1.06,242.113,C16 H18 S
1308.7581,8.06,1308.758,> limit nullnullnull 8.455299
728.4113,8.47,728.411,C42 H62 Cl2 N2 O4
1662.9061,8.06,1662.906,> limit nullnullnull 8.059541
986.6396,8.07,986.64,> limit nullnullnull 8.071444
312.1558,3.12,312.156,#N/A
224.2014,7.51,224.201,#N/A
465.2922,8.17,465.292,#N/A
778.5092,2.15,778.509,> limit null 2.1439998
321.8187,0.95,321.819,C9 Cl2 O S4
364.0999,1.02,364.1,C11 H20 N6 O4 S2
172.0714,1.92,172.071,C4 H8 N6 O2
441.7207,0.94,441.721,<none> nullnullnull 0.9334318
304.0085,1.44,304.009,C15 H4 N4 O2 S
360.0449,1.16,360.045,C24 H9 Cl N2
1272.783,8.47,1272.783,1272.7994@8.596
2853.8543,2.15,2853.854,> limit null 2.1479135
1746.9962,8.21,1746.996,#N/A
382.1794,2.31,382.179,382.1725@2.202
342.2875,5.07,342.288,C19 H38 N2 O3
834.1848,3.21,834.185,> limit null 3.19925
387.7055,0.92,387.706,<none> nullnullnull 0.923 :3
1470.7501,8.47,1470.75,1470.7583@8.445
386.1868,1.06,386.187,C19 H34 N2 S3
2853.5089,2.15,2853.509,> limit null 2.15
175.0074,0.88,175.007,#N/A
1707.9882,8.47,1707.988,> limit nullnullnull 8.464547
249.0431,2.83,249.043,249.0439@2.8016112
704.5535,2.52,704.554,<none> nullnullnull 2.5087333
356.1697,8.46,356.17,356.1658@8.4238
153.0512,1.02,153.051,<none> nullnullnull 0.9717222
272.1593,2.9,272.159,C18 H24 S
330.7051,1.49,330.705,<none> nullnullnull 1.4950001
278.2486,1.44,278.249,C16 H30 N4
543.318,8.48,543.318,C27 H55 Cl2 N O S2
362.2156,6.7,362.216,C18 H35 Cl N2 O S
365.216,8.48,365.216,365.2124@8.466865
322.1067,1.06,322.107,#N/A
394.1271,6.01,394.127,394.1271@6.0208
287.2459,5.79,287.246,#N/A
870.4362,8.2,870.436,> limit nullnullnull 8.2006
283.2866,8.55,283.287,C18 H37 N O
225.9433,0.96,225.943,C4 H2 O9 S
276.0176,0.86,276.018,276.017@0.85772973
384.1915,7.56,384.192,384.1907@7.5555305
520.0189,1.04,520.019,520.0185@1.0349001
138.0069,0.86,138.007,C10 H2 O
526.4259,8.47,526.426,C29 H60 N4 O2 S
1428.7061,8.47,1428.706,1428.7059@8.432
369.733,0.91,369.733,<none> nullnullnull 0.9138205
1404.7568,8.47,1404.757,> limit nullnullnull 8.459571
361.9311,0.88,361.931,C9 H12 Cl2 N2 O3 S3
531.4525,1.06,531.453,531.4539@1.057
530.2699,7.28,530.27,530.2698@7.201001
162.068,3.61,162.068,#N/A
623.393,8.47,623.393,623.3904@8.463135
435.3913,8.07,435.391,C28 H53 N S
337.7945,0.95,337.795,C6 H Cl3 O2 S4
533.7633,1,533.763,C17 H Cl3 O6 S4
1501.9154,8.47,1501.915,> limit nullnullnull 8.44
425.2326,7.72,425.233,C23 H51 N7
317.7719,0.9,317.772,<none> nullnullnull 0.9007954
506.3136,8.15,506.314,C30 H50 O2 S2
203.1779,0.96,203.178,C11 H25 N S
342.1931,4.44,342.193,C25 H26 O
372.1926,8.13,372.193,C17 H35 Cl3 N2
662.4325,8.22,662.433,#N/A
182.9858,1.19,182.986,182.9862@1.183
506.3046,8.48,506.305,#N/A
1712.3066,2.15,1712.307,> limit null 2.1500556
1686.8951,8.47,1686.895,> limit nullnullnull 8.4372225
396.3506,1.03,396.351,C27 H44 N2
1290.6168,8.07,1290.617,1290.6025@8.140001
350.0028,1.02,350.003,C7 H18 N4 O2 S5
128.0452,1.39,128.045,C6 H8 O3
795.5573,8.53,795.557,> limit nullnullnull 8.509199
258.0719,0.71,258.072,#N/A
388.2343,3.09,388.234,C23 H28 N6
1160.6856,8.46,1160.686,> limit nullnullnull 8.467182
298.2529,6.82,298.253,#N/A
281.8309,0.95,281.831,#N/A
289.2614,5.88,289.261,C12 H31 N7 O
383.1213,4.33,383.121,#N/A
275.8734,0.96,275.873,C4 H5 Cl N2 O2 S4
141.9389,0.9,141.939,C3 H4 Cl2 S
1482.8677,8.2,1482.868,> limit nullnullnull 8.145272
455.8747,1.02,455.875,455.8742@1.0214736
764.6843,0.98,764.684,> limit nullnullnull 0.98800004
926.2376,4.28,926.238,> limit nullnullnull 4.2695894
393.1979,6.85,393.198,<none> nullnullnull 6.8405
398.3465,7.61,398.347,C19 H42 N8 O
723.8319,3.27,723.832,#N/A
1006.6621,8.46,1006.662,> limit nullnullnull 8.460081
392.1257,3.21,392.126,C14 H35 N9 O4
593.3741,8.48,593.374,593.3769@8.464727
342.1592,1.06,342.159,C20 H18 N6
411.9799,1.15,411.98,#N/A
312.1503,5.83,312.15,#N/A
165.0209,0.86,165.021,C11 H3 N O
439.7218,0.94,439.722,<none> nullnullnull 0.9338959
296.1492,8.07,296.149,C4 H Cl3 O5 S2
269.792,0.91,269.792,<none> nullnullnull 0.90453845
757.9138,3.22,757.914,> limit null 3.199422
412.1846,3.07,412.185,#N/A
436.2288,2.03,436.229,C17 H36 N6 O3 S2
1552.0204,8.06,1552.02,> limit nullnullnull 8.076667
451.248,7.41,451.248,<none> nullnullnull 7.4232354
284.2771,5.89,284.277,284.2783@5.929998
315.8879,1,315.888,C4 H6 Cl2 O8 S2
424.3465,8.51,424.347,C27 H49 Cl O
684.3943,8.47,684.394,C29 H7 N3 O8 S5
1218.7849,9.03,1218.785,> limit nullnullnull 9.031158
308.173,8.48,308.173,C10 H26 N6 O3 S
1335.8782,8.46,1335.878,1335.8708@8.494
306.9117,3.2,306.912,306.9156@1.28086
1098.6947,8.47,1098.695,> limit nullnullnull 8.461273
252.2333,1.44,252.233,<none> nullnullnull 8.059755
307.2714,6,307.271,#N/A
519.3256,2.08,519.326,C27 H45 N5 O3 S
840.53,8.08,840.53,#N/A
315.9266,3.72,315.927,C14 H2 Cl2 N2 O S
924.6009,8.47,924.601,#N/A
359.9003,0.88,359.9,#N/A
397.3389,7.12,397.339,C26 H43 N3
1012.6445,8.08,1012.645,> limit nullnullnull 8.440944
1470.7412,8.07,1470.741,1470.7583@8.445
565.5381,8.08,565.538,C35 H71 N3 S
549.351,8.47,549.351,549.3529@8.459889
932.7329,3.2,932.733,932.7333@3.1930006
1091.446,0.99,1091.446,> limit nullnullnull 0.99436104
563.3514,2.09,563.351,C22 H49 N11 O2 S2
344.1548,8.03,344.155,344.1571@7.916997
393.3406,8.64,393.341,C16 H43 N9 S
1356.8902,8.57,1356.89,#N/A
401.2668,6.8,401.267,C24 H36 Cl N3
545.6069,0.91,545.607,<none> nullnullnull 0.9074905
263.8637,0.99,263.864,C5 H6 Cl2 S4
247.9605,0.88,247.961,C10 H Cl N2 O4
435.6848,0.91,435.685,<none> nullnullnull 0.90583014
501.321,8.12,501.321,C17 H45 Cl2 N13
364.1341,5.63,364.134,364.1362@5.626
386.193,3.32,386.193,C16 H30 N6 O S2
589.4151,6.61,589.415,C31 H63 N3 O S3
398.1023,5.47,398.102,C15 H22 N6 O S3
289.1455,2.18,289.146,C14 H19 N5 O2
327.9946,0.97,327.995,C12 H18 Cl2 S3
407.2304,8.25,407.23,C22 H34 Cl N3 O2
1308.7597,8.47,1308.76,> limit nullnullnull 8.455299
332.1323,1.06,332.132,C13 H16 N8 O3
196.1119,8.47,196.112,C5 H16 N4 O4
413.8659,1,413.866,413.8654@0.9930001
401.2276,1.99,401.228,C21 H31 N5 O S
419.7822,0.95,419.782,#N/A
573.4214,8.18,573.421,#N/A
339.1917,3.23,339.192,C25 H25 N
609.3917,8.07,609.392,609.3933@8.070726
780.4719,8.02,780.472,> limit nullnullnull 8.007944
255.2559,8.18,255.256,C16 H33 N O
310.9655,2.72,310.966,C15 H3 Cl2 N3 O
190.0807,2.81,190.081,C12 H14 S
439.9183,4.28,439.918,C17 H4 N4 O3 S4
509.9454,2.82,509.945,C19 H12 Cl2 N4 O3 S3
338.0871,1.05,338.087,C17 H22 O S3
373.8512,0.99,373.851,#N/A
493.9504,2.8,493.95,C19 H12 Cl2 N4 O2 S3
1194.6086,8.13,1194.609,1194.6156@8.177
203.1651,2.41,203.165,C14 H21 N
393.7879,0.96,393.788,393.7827@0.95275
1566.9617,8.47,1566.962,> limit null 8.462167
1713.1032,2.14,1713.103,> limit null 2.1446207
255.2538,7.6,255.254,C16 H33 N O
199.1935,6.03,199.194,C12 H25 N O
403.2886,2.73,403.289,C19 H41 N5 O4
855.3807,0.91,855.381,> limit nullnullnull 0.9069808
131.041,2.24,131.041,C5 H9 N O S
1564.0513,8.05,1564.051,> limit nullnullnull 8.067031
309.3035,8.12,309.304,C20 H39 N O
1208.6405,8.47,1208.641,1208.6372@8.449
848.5354,8.08,848.535,> limit null 8.533478
336.3793,8.06,336.379,336.3791@8.051462
607.0439,0.97,607.044,#N/A
437.3657,7.38,437.366,C27 H51 N O S
255.0082,2.24,255.008,C6 H11 N O6 S2
377.2088,4.61,377.209,377.2099@4.542864
484.5524,3.21,484.552,484.5522@3.2040005
310.0146,0.86,310.015,C8 H11 Cl N4 O5 S
355.3069,4.13,355.307,C17 H37 N7 O
265.0704,0.97,265.07,#N/A
358.0631,6.01,358.063,C20 H11 Cl N4 O
529.6207,0.91,529.621,<none> nullnullnull 0.9059025
1060.5519,8.22,1060.552,1060.5505@8.223
633.4434,6.58,633.443,C41 H63 N S2
653.7364,0.97,653.736,C17 H Cl3 N4 O8 S5
240.1375,1,240.138,C13 H20 O4
339.7875,0.94,339.788,C6 H3 Cl3 S5
537.7872,1.01,537.787,#N/A
397.3555,5.31,397.356,C24 H47 N O3
170.141,2.95,170.141,C9 H18 N2 O
377.2089,4.42,377.209,377.2099@4.542864
607.1594,0.96,607.159,#N/A
541.367,9.21,541.367,C29 H52 Cl N3 O4
397.744,0.94,397.744,<none> nullnullnull 0.93567497
953.3121,0.91,953.312,> limit nullnullnull 0.90907544
778.4083,2.15,778.408,#N/A
545.3917,6.64,545.392,#N/A
191.9415,0.9,191.942,#N/A
239.9177,1.14,239.918,C7 H6 Cl2 O S2
1327.517,9.07,1327.517,> limit nullnullnull 9.061304
413.9718,0.88,413.972,#N/A
450.2769,8.78,450.277,C24 H47 Cl O S2
509.316,8.08,509.316,509.3114@8.072372
287.2815,6.17,287.282,C13 H33 N7
352.333,2.52,352.333,C23 H44 O2
598.3494,8.1,598.349,#N/A
98.973,0.88,98.973,<none> nullnullnull 0.87871426
207.0704,4.01,207.07,207.0702@4.036
480.2138,1.03,480.214,C14 H24 N16 O4
323.1918,8.06,323.192,C18 H29 N O2 S
298.0857,1.07,298.086,C14 H18 O5 S
153.0515,0.98,153.052,<none> nullnullnull 0.9717222
677.0077,8.46,677.008,C24 H18 Cl3 N11 O3 S2
704.4646,8.49,704.465,C38 H74 O3 S4
321.8241,0.99,321.824,C6 H4 Cl2 O S5
1768.185,8.47,1768.185,> limit nullnullnull 8.467045
415.2774,8.45,415.277,415.2768@8.080529
408.4409,1.99,408.441,<none> nullnullnull 1.977
170.1304,7.18,170.13,C10 H18 O2
297.9472,0.99,297.947,#N/A
774.5683,8.46,774.568,> limit nullnullnull 8.479601
978.2952,1.95,978.295,978.2954@1.9640002
1015.6878,8.46,1015.688,> limit nullnullnull 8.466214
314.1701,6.48,314.17,314.1701@6.4679995
1614.9301,8.05,1614.93,1614.9207@8.04
1356.7408,8.19,1356.741,> limit nullnullnull 8.185
575.4075,6.98,575.408,#N/A
412.3119,7.77,412.312,C25 H45 Cl O2
384.3941,0.86,384.394,C21 H48 N6
413.2399,8.23,413.24,413.2359@8.448557
978.097,1.96,978.097,978.0957@1.9609995
607.3776,2.11,607.378,C32 H49 N9 O S
394.4044,0.82,394.404,C24 H50 N4
604.0215,4.31,604.022,#N/A
353.0338,4.31,353.034,C22 H11 N S2
225.0105,2.23,225.011,C12 H4 Cl N3
499.3609,6.06,499.361,C29 H54 Cl N O S
384.7722,8.19,384.772,#N/A
910.5107,8.2,910.511,#N/A
482.6252,3.21,482.625,<none> null 3.1980338
543.6016,0.91,543.602,<none> nullnullnull 0.906074
436.2286,1.04,436.229,C17 H36 N6 O3 S2
468.2566,7.64,468.257,468.2538@7.6429753
394.0628,4.32,394.063,C24 H14 N2 S2
507.9092,0.86,507.909,#N/A
616.6585,2.53,616.659,<none> null 2.5242355
1413.8316,8.47,1413.832,1413.8278@8.53
493.6391,0.91,493.639,<none> nullnullnull 0.9056981
287.2808,6.71,287.281,C13 H33 N7
288.9883,0.88,288.988,C8 H8 Cl N5 O S2
372.1465,0.86,372.147,Laberalol null 0.85725
390.454,3.21,390.454,<none> null 3.199488
327.8938,0.86,327.894,C14 O4 S3
503.6271,0.92,503.627,#N/A
229.1664,2.97,229.166,#N/A
140.0841,8.07,140.084,#N/A
357.2587,3.21,357.259,357.2587@3.1969993
375.7298,0.91,375.73,<none> nullnullnull 0.9105745
163.1356,2.11,163.136,C11 H17 N
401.1011,2.09,401.101,C15 H23 N5 O2 S3
162.0678,3.52,162.068,#N/A
412.2537,8.08,412.254,C22 H32 N6 O2
199.8516,0.92,199.852,#N/A
263.8542,0.96,263.854,C7 H Cl O3 S3
150.9573,2.22,150.957,C3 H5 N S3
439.1435,2.47,439.144,#N/A
231.892,0.97,231.892,C5 H3 Cl3 O2 S
614.3482,8.08,614.348,#N/A
385.9446,1,385.945,385.9441@0.9804166
250.168,2.9,250.168,#N/A
266.0364,2.16,266.036,C11 H10 N2 O4 S
441.7207,0.94,441.721,<none> nullnullnull 0.9334318
671.5883,0.95,671.588,C38 H73 N9 O
563.3683,8.47,563.368,C29 H54 Cl N O7
1440.8296,8.07,1440.83,> limit nullnullnull 8.09675
404.9023,0.96,404.902,<none> nullnullnull 0.95066667
838.7826,8.54,838.783,> limit nullnullnull 8.549817
289.9387,0.86,289.939,C9 H6 O5 S3
764.5696,0.97,764.57,> limit nullnullnull 0.9692292
1092.5555,3.06,1092.556,#N/A
339.3491,8.81,339.349,#N/A
419.8873,0.86,419.887,C18 H6 Cl2 O2 S3
315.7676,0.92,315.768,#N/A
135.9878,1.13,135.988,C10 O
289.2619,6.09,289.262,C12 H31 N7 O
598.3428,8.46,598.343,#N/A
1633.2794,8.45,1633.279,> limit nullnullnull 8.448546
294.1181,2.02,294.118,C18 H21 N3 O
631.5217,8.76,631.522,C40 H73 N S2
448.2891,8.47,448.289,448.2817@8.004
1296.6283,8.46,1296.628,1296.6378@8.4660015
242.1481,4.24,242.148,C14 H23 Cl O
177.0751,1.1,177.075,177.0752@1.165
478.1513,2.74,478.151,C19 H32 Cl2 N6 S2
267.0527,2.8,267.053,C8 H17 N3 O S3
437.2394,7.14,437.239,437.2352@7.145997
453.4228,0.86,453.423,#N/A
334.1037,3.12,334.104,C14 H10 N10 O
468.3848,8.09,468.385,C29 H56 O2 S
221.0222,0.87,221.022,C12 H3 N3 O2
779.7623,1.01,779.762,> limit nullnullnull 1.0443333
537.8895,1.01,537.89,#N/A
173.9943,1.09,173.994,173.9943@1.0100001
500.3696,7.63,500.37,C35 H48 O2
350.0149,0.88,350.015,#N/A
509.7078,0.95,509.708,<none> nullnullnull 0.9524688
815.3634,0.92,815.363,#N/A
571.9688,1.02,571.969,C23 H8 O18
1224.6937,8.12,1224.694,#N/A
778.8657,2.16,778.866,> limit null 2.1503222
421.7771,1,421.777,C6 H5 Cl3 O5 S5
1551.9339,8.48,1551.934,> limit null 8.49636
481.7314,0.98,481.731,<none> nullnullnull 0.9892962
360.061,4.32,360.061,C17 H9 Cl N8
723.965,3.21,723.965,723.9603@3.2020013
1238.7436,3.21,1238.744,1238.7428@3.2119987
278.0104,4.33,278.01,C10 H14 O3 S3
174.1108,0.91,174.111,#N/A
285.9337,2.81,285.934,C13 Cl2 N2 O2
439.3981,6.28,439.398,C23 H49 N7 O
1114.9076,8.47,1114.908,> limit nullnullnull 8.453
309.9897,1.48,309.99,309.9898@1.468
607.4497,0.96,607.45,<none> nullnullnull 0.96099997
341.8598,0.95,341.86,#N/A
1100.686,8.07,1100.686,> limit nullnullnull 8.067063
320.2108,4.42,320.211,C23 H28 O
561.3524,8.47,561.352,C18 H47 N11 O7 S
491.6433,0.92,491.643,<none> nullnullnull 0.91205883
468.3938,5.2,468.394,C27 H52 N2 O4
480.2521,1.04,480.252,480.2564@8.465406
249.0733,0.94,249.073,249.0744@0.9399999
447.3135,3.6,447.314,C22 H46 Cl N5 S
270.0327,0.96,270.033,C6 H10 N2 O10
358.0596,3.97,358.06,C13 H16 Cl2 N6 S
210.0849,0.86,210.085,C12 H10 N4
360.2083,2.98,360.208,#N/A
413.0128,3.21,413.013,413.0142@3.1989996
1012.8153,8.45,1012.815,> limit nullnullnull 8.459375
317.8809,0.99,317.881,#N/A
508.3004,8.47,508.3,C29 H41 Cl N6
365.3646,8.75,365.365,<none> null 8.766324
720.4178,2.98,720.418,#N/A
444.7468,4.28,444.747,<none> nullnullnull 4.272125
529.315,8.07,529.315,C23 H49 Cl2 N5 O4
431.9941,1.06,431.994,431.9969@1.0654651
497.6816,0.94,497.682,<none> nullnullnull 0.9339412
2026.5226,8.48,2026.523,2026.5162@8.447
646.4166,8.58,646.417,646.4161@8.542396
279.0858,0.96,279.086,279.0851@0.96399987
1355.004,8.48,1355.004,> limit nullnullnull 8.489214
394.2634,6.38,394.263,394.2631@6.4000006
1327.116,8.47,1327.116,> limit nullnullnull 8.466875
121.0874,1.44,121.087,#N/A
264.1578,3.41,264.158,C8 H21 Cl N8
180.0563,0.85,180.056,#N/A
164.0472,1.44,164.047,C9 H8 O3
399.7446,0.94,399.745,<none> nullnullnull 0.9375
1290.6091,8.19,1290.609,1290.6025@8.140001
447.6616,0.92,447.662,#N/A
399.2795,2.99,399.28,<none> nullnullnull 2.9746
435.9076,0.85,435.908,#N/A
132.9683,0.87,132.968,<none> nullnullnull 0.8676297
703.4971,0.9,703.497,#N/A
262.1197,3.22,262.12,#N/A
390.2476,8.51,390.248,#N/A
437.7247,0.94,437.725,<none> nullnullnull 0.9346863
423.7834,1.44,423.783,423.7832@1.442
455.7041,0.94,455.704,#N/A
1865.1138,8.47,1865.114,1865.103@8.464998
437.3679,5.07,437.368,C27 H51 N O S
433.8007,0.98,433.801,C10 H4 Cl2 O5 S5
830.1853,3.21,830.185,> limit null 3.20756
276.1433,4.34,276.143,#N/A
259.811,0.91,259.811,<none> nullnullnull 0.9072222
425.771,0.98,425.771,#N/A
1095.2091,0.92,1095.209,#N/A
1013.0327,8.44,1013.033,1013.0345@8.4609995
258.0104,2.9,258.01,#N/A
1462.0445,8.46,1462.045,> limit nullnullnull 8.464909
277.9034,0.88,277.903,277.903@0.8745714
295.9134,3.2,295.913,C7 H11 Cl3 O2 S2
163.0314,1.39,163.031,C5 H9 N O3 S
255.9737,0.88,255.974,#N/A
281.0619,1.01,281.062,C15 H11 N3 O S
1897.41,8.48,1897.41,1897.4104@8.464
318.1322,5.04,318.132,#N/A
169.0241,1.02,169.024,C4 H11 N O2 S2
214.9861,0.85,214.986,C14 H N S
556.6026,6,556.603,<none> nullnullnull 5.990571
323.8365,1.01,323.837,C9 H2 Cl2 O3 S3
325.8016,0.95,325.802,#N/A
721.4778,0.91,721.478,C39 H74 Cl3 N3 O2
255.2555,7.14,255.256,C16 H33 N O
727.0636,3.2,727.064,727.0692@3.190001
249.0439,2.82,249.044,249.0439@2.8016112
258.0873,3.54,258.087,#N/A
827.8258,3.21,827.826,827.8267@3.210999
626.4849,8.23,626.485,C38 H79 Cl N4
2298.1062,9.08,2298.106,2298.1023@9.089
423.217,6.84,423.217,423.2133@6.8410025
367.9326,0.88,367.933,#N/A
800.5011,9.07,800.501,> limit nullnullnull 9.051056
451.7478,0.95,451.748,451.7492@0.94794434
346.1635,8.09,346.164,Tolazamide
574.3573,6.49,574.357,C38 H51 Cl O2
633.6512,0.95,633.651,C41 H83 N3 O
530.3319,6.51,530.332,C35 H47 Cl N2
1103.44,1.02,1103.44,#N/A
406.2459,8.07,406.246,C23 H35 Cl N2 O2
253.9791,0.88,253.979,#N/A
301.0153,2.81,301.015,C15 H8 Cl N O4
443.3032,3.01,443.303,C22 H42 Cl N5 O2
316.2343,1.44,316.234,#N/A
767.7544,0.87,767.754,#N/A
556.2949,5.81,556.295,C29 H44 N6 O S2
1251.7225,3.2,1251.723,> limit null 3.2089999
477.9451,1.01,477.945,C11 H14 N2 O11 S4
585.5777,3.21,585.578,C36 H76 Cl N3
375.3717,8.63,375.372,C18 H45 N7 O
423.3517,7.09,423.352,#N/A
434.2172,8.21,434.217,#N/A
666.8308,4.31,666.831,666.83@4.327
429.9649,0.86,429.965,C14 H6 O16
543.6863,0.95,543.686,<none> nullnullnull 0.9340001
173.0322,0.89,173.032,C6 H7 N O5
407.7677,0.95,407.768,C9 H3 Cl3 O2 S5
237.0037,0.88,237.004,237.0021@0.83666676
541.8699,9.21,541.87,C25 H2 O7 S4
308.0437,4.32,308.044,C19 H13 Cl S
196.093,0.95,196.093,C11 H16 O S
355.2543,2.96,355.254,C20 H37 N O2 S
1188.6062,8.18,1188.606,#N/A
166.0458,6.98,166.046,C6 H14 O5
245.0847,0.85,245.085,<none> nullnullnull 0.8449444
1078.28,3.21,1078.28,1078.2903@3.2070003
444.6731,4.34,444.673,<none> nullnullnull 4.320964
396.2601,1.04,396.26,#N/A
1752.9328,8.46,1752.933,> limit nullnullnull 8.472846
519.418,8.99,519.418,C31 H57 N3 O S
499.6801,0.94,499.68,#N/A
893.3408,0.91,893.341,#N/A
181.9338,0.92,181.934,#N/A
1200.6317,8.22,1200.632,1200.6205@8.25
455.1203,2.74,455.12,455.1211@2.7450008
264.101,1.08,264.101,C18 H16 S
562.4586,9.1,562.459,C39 H62 S
653.6122,0.94,653.612,#N/A
891.3282,0.91,891.328,> limit nullnullnull 0.91366667
989.2377,0.91,989.238,#N/A
347.0726,0.98,347.073,C11 H9 N9 O5
295.0585,0.98,295.059,295.0587@0.946
463.3453,7.09,463.345,463.3439@7.085001
151.0578,1.44,151.058,#N/A
367.2822,5.87,367.282,367.2837@5.89543
461.9726,1.03,461.973,C15 H10 O15 S
384.0153,0.87,384.015,#N/A
286.0388,0.87,286.039,#N/A
224.1201,0.88,224.12,224.1239@0.89399976
297.9615,0.86,297.962,C12 H10 O S4
422.0423,1.01,422.042,C17 H14 N2 O9 S
432.3621,0.86,432.362,#N/A
713.568,0.94,713.568,#N/A
151.0598,1.44,151.06,#N/A
127.1358,1.44,127.136,#N/A
722.7481,3.14,722.748,722.7483@3.2119994
157.9125,1.1,157.913,#N/A
111.0978,0.86,111.098,<none> nullnullnull 0.861091
159.1816,0.88,159.182,#N/A
441.8709,0.86,441.871,C17 H2 N2 O3 S5
547.6741,0.95,547.674,<none> nullnullnull 0.93250006
603.685,0.95,603.685,603.6859@0.9470001
163.0256,0.88,163.026,#N/A
435.8678,0.86,435.868,C18 H8 N6 O2 S3
